<?xml version="1.0" encoding="utf-8"?>
<odoo>

<!-- ################################## bista.trainee.attendance #######################################  -->

    <record id="record_rules_bista_trainer_group" model="ir.rule" >
        <field name="name">Record Rule of TRAINER for bista.trainee.attendance</field>
        <field name="model_id" ref="model_bista_trainee_attendance"/>
        <field name="domain_force">[('create_uid','=',user.id)]</field>
        <field name="groups" eval="[(4, ref('bista_trainer_group'))]"/>
        <field name="perm_create" eval="1"/>
        <field name="perm_write" eval="1"/>
        <field name="perm_unlink" eval="0"/>
        <field name="perm_read" eval="1"/>
    </record>

    <!-- ################################## bista.trainee ################################## -->
    <record id="record_rules_bista_admin_group" model="ir.rule" >
        <field name="name">Record Rule of ADMIN for bista.trainee</field>
        <field name="model_id" ref="model_bista_trainee"/>
        <field name="groups" eval="[(4, ref('bista_training_admin_group'))]"/>
        <field name="perm_create" eval="1"/>
        <field name="perm_write" eval="1"/>
        <field name="perm_unlink" eval="1"/>
        <field name="perm_read" eval="1"/>
    </record>


    <record id="record_rules_bista_trainee_group" model="ir.rule" >
        <field name="name">Record Rule of TRAINEE for bista.trainee</field>
        <field name="model_id" ref="model_bista_trainee"/>
        <field name="domain_force">[('related_user','=',user.id)]</field>
        <field name="groups" eval="[(4, ref('bista_trainee_group'))]"/>
        <field name="perm_create" eval="0"/>
        <field name="perm_write" eval="0"/>
        <field name="perm_unlink" eval="0"/>
        <field name="perm_read" eval="1"/>
    </record>


    <!-- <record id="see_his_own_created_traie" model="ir.rule" >
        <field name="name">See Own Only</field>
        <field name="model_id" ref="hr.model_hr_employee"/>
        <field name="domain_force">[('user_id','=',user.id)]</field>
        <field name="groups" eval="[(4, ref('bista_trainee_group'))]"/>
        <field name="perm_create" eval="1"/>
        <field name="perm_write" eval="1"/>
        <field name="perm_unlink" eval="0"/>
        <field name="perm_read" eval="1"/>
    </record>  -->

</odoo>