<?xml version="1.0" encoding="utf-8"?>
<odoo>


    <record id="bista_model_access_group_category" model="ir.module.category">
        <field name="name"> Bista </field>
        <field name="sequence"> 5 </field>
    </record>


    <!-- Trainee group of bista.trainee -->
    <record id="bista_trainee_group" model="res.groups">
        <field name="name"> Trainee </field>
        <field name="category_id" ref="bista_training.bista_model_access_group_category" />
        <field name="implied_ids" eval="[(4, ref('base.group_user'))]" />
        <field name="users" eval="[(4, ref('base.user_admin'))]" />
    </record>


    <!-- Trainer group of bista.trainer -->
    <record id="bista_trainer_group" model="res.groups">
        <field name="name"> Trainer </field>
        <field name="category_id" ref="bista_training.bista_model_access_group_category" />
        <field name="implied_ids" eval="[(4, ref('base.group_user'))]" />
        <field name="users" eval="[(4, ref('base.user_admin'))]" />
    </record>


    <!-- ADMIN group of Product bista_training  -->
    <record id="bista_training_admin_group" model="res.groups">
        <field name="name"> Bista Admin </field>
        <field name="category_id" ref="bista_training.bista_model_access_group_category" />
        <field name="implied_ids" eval="[(4, ref('bista_training.bista_trainee_group')),(4, ref('bista_training.bista_trainer_group'))]" />
        <field name="users" eval="[(4, ref('base.user_admin'))]" />
    </record>

</odoo>