id,name,model_id:id,group_id:id,perm_read,perm_write,perm_create,perm_unlink
,,,,,,,
access_bista_home_TRAINEE,access_bista_home_TRAINEE,model_bista_home,bista_trainee_group,1,0,0,0
access_bista_home_TRAINER,access_bista_home_TRAINER,model_bista_home,bista_trainer_group,1,0,0,0
access_bista_home_ADMIN,access_bista_home_ADMIN,model_bista_home,bista_training_admin_group,1,1,1,1
,,,,,,,
access_bista_trainee_TRAINEE,access_bista_trainee_TRAINEE,model_bista_trainee,bista_trainee_group,1,0,0,0
access_bista_trainee_TRAINER,access_bista_trainee_TRAINER,model_bista_trainee,bista_trainer_group,1,0,0,0
access_bista_trainee_ADMIN,access_bista_trainee_ADMIN,model_bista_trainee,bista_training_admin_group,1,1,1,1
,,,,,,,
access_bista_trainer_TRAINER,access_bista_trainer_TRAINER,model_bista_trainer,bista_trainer_group,1,0,0,0
access_bista_trainer_ADMIN,access_bista_trainer_ADMIN,model_bista_trainer,bista_training_admin_group,1,1,1,1
,,,,,,,
access_bista_training_subject_ADMIN,access_bista_training_subject_ADMIN,model_bista_training_subject,bista_training_admin_group,1,1,1,1
access_bista_training_topics_ADMIN,access_bista_training_topics_ADMIN,model_bista_training_topics,bista_training_admin_group,1,1,1,1
access_bista_training_stages_ADMIN,access_bista_training_stages_ADMIN,model_bista_training_stages,bista_training_admin_group,1,1,1,1
,,,,,,,
access_bista_trainee_attendance_TRAINEE,access_bista_trainee_attendance_TRAINEE,model_bista_trainee_attendance,bista_trainee_group,1,0,0,0
access_bista_trainee_attendance_TRAINER,access_bista_trainee_attendance_TRAINER,model_bista_trainee_attendance,bista_trainer_group,1,1,1,0
access_bista_trainee_attendance_ADMIN,access_bista_trainee_attendance_ADMIN,model_bista_trainee_attendance,bista_training_admin_group,1,1,1,1
access_bista_trainee_attendance_record_ADMIN,access_bista_trainee_attendance_record_ADMIN,model_bista_trainee_attendance_record,bista_training_admin_group,1,1,1,1
,,,,,,,
access_bista_trainee_attendance_line_TRAINEE,access_bista_trainee_attendance_line_TRAINEE,model_bista_trainee_attendance_line,bista_trainee_group,1,0,0,0
access_bista_trainee_attendance_line_TRAINER,access_bista_trainee_attendance_line_TRAINER,model_bista_trainee_attendance_line,bista_trainer_group,1,1,1,0
access_bista_trainee_attendance_line_ADMIN,access_bista_trainee_attendance_line_ADMIN,model_bista_trainee_attendance_line,bista_training_admin_group,1,1,1,1
,,,,,,,
access_bista_trainee_batch_ADMIN,access_bista_trainee_batch_ADMIN,model_bista_trainee_batch,bista_training_admin_group,1,1,1,1
access_bista_trainee_batch_Trainer,access_bista_trainee_batch_TRAINER,model_bista_trainee_batch,bista_trainer_group,1,0,0,0
,,,,,,,
access_bista_location_ADMIN,access_bista_location_ADMIN,model_bista_location,bista_training_admin_group,1,1,1,1
access_bista_trainee_role_ADMIN,access_bista_trainee_role_ADMIN,model_bista_trainee_role,bista_training_admin_group,1,1,1,1

,,,,,,,,,,,,,,,,,,,,,,,,,,,,,,,,,,,,,,,,,,,,,,,,,,,,,,,,,,,,,,,,,,,,,,,,,,,,,,,,,,,,,,,,,,,,,,,,,,,,,,,,,,,,,,,,,,,,,

access_bista_take_attendance_ADMIN,access_bista_take_attendance_ADMIN,model_bista_take_attendance,bista_training_admin_group,1,1,1,1
access_bista_take_attendance_TRAINER,access_bista_take_attendance_TRAINER,model_bista_take_attendance,bista_trainer_group,1,1,1,0
access_bista_trainee_attendance_filter_batch_traineeid_ADMIN,access_bista_trainee_attendance_filter_batch_traineeid_ADMIN,model_bista_trainee_attendance_filter_batch_traineeid,bista_training_admin_group,1,1,1,1
access_bista_trainee_attendance_filter_batch_traineeid_date_ADMIN,access_bista_trainee_attendance_filter_batch_traineeid_date_ADMIN,model_bista_trainee_attendance_filter_batch_traineeid_date,bista_training_admin_group,1,1,1,1